{
	"mappingTime" : 392,
	"inputSizes" : {
		"source" : 2418,
		"target" : 889
	},
	"outputSizes" : {
		"verification" : 0,
		"acceptance" : 408
	},
	"pseudoPRF" : {
		"acceptance" : {
			"precision" : 0.7279411764705882,
			"recall" : 0.1796189900211672,
			"f-measure" : 0.28813970409895706
		},
		"all" : {
			"precision" : 0.7279411764705882,
			"recall" : 0.1796189900211672,
			"f-measure" : 0.28813970409895706
		}
	}
}