{
	"mappingTime" : 351,
	"inputSizes" : {
		"source" : 2388,
		"target" : 889
	},
	"outputSizes" : {
		"verification" : 1119,
		"acceptance" : 374
	},
	"pseudoPRF" : {
		"acceptance" : {
			"precision" : 0.8970588235294118,
			"recall" : 0.2047604516325908,
			"f-measure" : 0.333416149068323
		},
		"all" : {
			"precision" : 0.5478901540522438,
			"recall" : 0.4992371071101617,
			"f-measure" : 0.5224333386555963
		}
	}
}